[
  {
    "app": "ecd://epls.coe.fsu.edu/P4test",
    "uid": "001c1",
    "sender": "PP Locker",
    "context": "Down Hill",
    "message": "New Event",
    "verb": "initialized",
    "object": "newMoneyEarned",
    "timestamp": "2019-04-29T15:34:35.761500+00:00",
    "data": {
      "gameLevelId": "Down Hill",
      "earningType": "goldWin",
      "moneyEarned": "20",
      "currentMoney": "60",
      "gameappid": "ecd://epls.coe.fsu.edu/PhysicsPlayground/Sp2019/adaptive"
    },
    "processed": false
  },
  {
    "app": "ecd://epls.coe.fsu.edu/P4test",
    "uid": "001c1",
    "sender": "PP Locker",
    "context": "Down Hill",
    "message": "New Event",
    "verb": "initialized",
    "object": "newPurchase",
    "timestamp": "2019-04-29T15:34:31.940000+00:00",
    "data": {
      "gameLevelId": "Down Hill",
      "purchaseType": "footBall",
      "moneySpent": "60",
      "currentMoney": "0",
      "gameappid": "ecd://epls.coe.fsu.edu/PhysicsPlayground/Sp2019/adaptive"
    },
    "processed": false
  }
]
