[
 { 
   "statement":{
       "version": "1.0.0",
       "actor": {
           "objectType": "Agent",
           "account": {
               "homePage": "http://54.210.82.207/",
               "name": "001c1"
           }
       },
       "verb": {
           "id": "http://adlnet.gov/expapi/verbs/initialized",
           "display": {
               "en-US": "initialized"
           }
       },
       "object": {
           "objectType": "Activity",
           "id": "http://54.210.82.207/learninglocker/public/IRIs/activities/games/newMoneyEarned",
           "definition": {
               "name": {
                   "en-US": "newMoneyEarned"
               },
               "description": {
                   "en-US": "new money earned by winning a level or using LS in Physics Playground"
               },
               "extensions": {
                   "http://54.210.82.207/learninglocker/public/IRIs/extensions/games/gameLevelId": "Down Hill",
                   "http://54.210.82.207/learninglocker/public/IRIs/extensions/games/earningType": "goldWin",
                   "http://54.210.82.207/learninglocker/public/IRIs/extensions/games/moneyEarned": "20",
                   "http://54.210.82.207/learninglocker/public/IRIs/extensions/games/currentMoney": "60",
                   "http://54.210.82.207/learninglocker/public/IRIs/extensions/games/gameappid": "ecd://epls.coe.fsu.edu/PhysicsPlayground/Sp2019/adaptive"
               }
           }
       },
       "context": {
           "extensions": {
               "http://54.210.82.207/learninglocker/public/IRIs/extensions/games/systemTime": "04/29/19 15:34:18.771000",
               "http://54.210.82.207/learninglocker/public/IRIs/extensions/games/ballPosition": "(1207.1, 21.7)"
           }
       },
       "id": "693f62fc-0b5f-4a75-990f-6028b097b971",
       "authority": {
           "objectType": "Agent",
           "name": "New Client",
           "mbox": "mailto:hello@learninglocker.net"
       },
       "stored": "2019-04-29T15:34:35.761500+00:00"
   },
     "timestamp": "2019-04-29T15:34:35.761500+00:00"
 },
 {
     "statement": {
         "version": "1.0.0",
         "actor": {
             "objectType": "Agent",
             "account": {
                 "homePage": "http://54.210.82.207/",
                 "name": "001c1"
             }
         },
         "verb": {
             "id": "http://adlnet.gov/expapi/verbs/initialized",
             "display": {
                 "en-US": "initialized"
             }
         },
         "object": {
             "objectType": "Activity",
             "id": "http://54.210.82.207/learninglocker/public/IRIs/activities/games/newPurchase",
             "definition": {
                 "name": {
                     "en-US": "newPurchase"
                 },
                 "description": {
                     "en-US": "an item that was purchased in Physics Playground's store"
                 },
                 "extensions": {
                     "http://54.210.82.207/learninglocker/public/IRIs/extensions/games/gameLevelId": "Down Hill",
                     "http://54.210.82.207/learninglocker/public/IRIs/extensions/games/purchaseType": "footBall",
                     "http://54.210.82.207/learninglocker/public/IRIs/extensions/games/moneySpent": "60",
                     "http://54.210.82.207/learninglocker/public/IRIs/extensions/games/currentMoney": "0",
                     "http://54.210.82.207/learninglocker/public/IRIs/extensions/games/gameappid": "ecd://epls.coe.fsu.edu/PhysicsPlayground/Sp2019/adaptive"
                 }
             }
         },
         "context": {
             "extensions": {
                 "http://54.210.82.207/learninglocker/public/IRIs/extensions/games/systemTime": "04/29/19 15:34:31.835000"
             }
         },
         "id": "c6363ea4-1077-4b12-af5a-7444e8e73e49",
         "authority": {
             "objectType": "Agent",
             "name": "New Client",
             "mbox": "mailto:hello@learninglocker.net"
         },
         "stored": "2019-04-29T15:34:31.940000+00:00"
     },
     "timestamp": "2019-04-29T15:34:31.940000+00:00"
 }
]
