[
    {
        comment:  "Mass Flag Test",
        state: {
            uid: "Test0",
            context: "Level 50",
            timers:{},
            flags:{
                massUsed: false,
                airUsed: false,
                gravityUsed:false
            },
            observables:{
                massManip: 0
            }
        },
        event: {
            app:"https://epls.coe.fsu.edu/PPTest",
            uid: "Test0",
            verb: "adjusted",
            object: "control",
            context: "Mass Level 50",
            timestamp:"2018-09-25 12:12:28 EDT",   
            data: {
                gemeObjectType: "MassValueManipulator",
                oldValue: 0,
                newValue: 5,
                method: "slider"
            }
        },
        rule: {
            name: "Mass Slider flag"
            doc: "Set the flag if mass slider is used..",
            verb: "adjusted",
            object: "control",
            context: "Manip Lvls",
            ruleType: "Status",
            priority: 5, 
            conditions: {
                event.data.gemeObjectType:"MassValueManipulator",
                event.data.oldValue:{"?ne":event.data.newValue}
            },
            predicate: {
                "!set":{state.flags.massUsed:true}
            }
        },
        result:{
            uid: "Test0",
            context: "Mass Level 50",
            timers:{},
            flags:{
                massUsed: true,
                airUsed: false,
                gravityUsed:false
            },
            observables:{
                massManip:1
            } 
        }
    },
    {
        comment: "Air Flag Test",
        state: {
            uid: "Test0",
            context: "Level 50",
            timers:{},
            flags:{
                massUsed: false,
                airUsed: false,
                gravityUsed:false
            },
            observables:{
                massManip: 0
            }
        },
        event: {
            app:"https://epls.coe.fsu.edu/PPTest",
            uid: "Test0",
            verb: "adjusted",
            object: "control",
            context: "Mass Level 50",
            timestamp:"2018-09-25 12:12:28 EDT",   
            data: {
                gemeObjectType: "AirValueManipulator",
                oldValue: 0,
                newValue: 5,
                method: "slider"
            }
        },
        rule: {
            name: "Air Slider flag"
            doc: "Set the flag if air slider is used..",
            verb: "adjusted",
            object: "control",
            context: "Manip Lvls",
            ruleType: "Status",
            priority: 5, 
            conditions: {
                event.data.gemeObjectType:"AirResistanceValueManipulator",
                event.data.oldValue:{"?ne":event.data.newValue}
            },
            predicate: {
                "!set":{state.flags.airUsed:true}
            }
        },
        result:{
            uid: "Test0",
            context: "Mass Level 50",
            timers:{},
            flags:{
                massUsed: false,
                airUsed: true,
                gravityUsed:false
            },
            observables:{
                massManip:1
            } 
        }
    },
    {
        comment:"Gravity Slider flag test>"
        state: {
            uid: "Test0",
            context: "Level 50",
            timers:{},
            flags:{
                massUsed: false,
                airUsed: false,
                gravityUsed:false
            },
            observables:{
                massManip: 0
            }
        },
        event: {
            app:"https://epls.coe.fsu.edu/PPTest",
            uid: "Test0",
            verb: "adjusted",
            object: "control",
            context: "Mass Level 50",
            timestamp:"2018-09-25 12:12:28 EDT",   
            data: {
                gemeObjectType: "GravityValueManipulator",
                oldValue: 0,
                newValue: 5,
                method: "slider"
            }
        },
        rule: {
            name: "Gravity Slider flag"
            doc: "Set the flag if gravity slider is used..",
            verb: "adjusted",
            object: "control",
            context: "Manip Lvls",
            ruleType: "Status",
            priority: 5, 
            conditions: {
                event.data.gemeObjectType:"GravityValueManipulator",
                event.data.oldValue:{"?ne":event.data.newValue}
            },
            predicate: {
                "!set":{state.flags.gravityUsed:true}
            }
        },
        result:{
            uid: "Test0",
            context: "Mass Level 50",
            timers:{},
            flags:{
                massUsed: false,
                airUsed: false,
                gravityUsed:true
            },
            observables:{
                massManip:1
            } 
        }
    },
    {
        comment: "Mass Slider increment",
        state: {
            uid: "Test0",
            context: "Level 50",
            timers:{},
            flags:{
                massUsed: true,
                airUsed: true,
                gravityUsed:true
            },
            observables:{
                massManip:1,
                airManip:1,
                gravityManip:1,
            }
        },
        event: {
            app:"https://epls.coe.fsu.edu/PPTest",
            uid: "Test0",
            verb: "play",
            object: "params",
            context: "Mass Level 50",
            timestamp:"2018-09-25 12:14:28 EDT",   
            data: {
            }
        },
        rule: {
            name: "Count Mass Manipulations",
            doc: "Increment counter if slider changed flag is set.",
            verb: "play",
            object: "params",
            context: "Manip Lvls",
            ruleType: "Observable",
            priority: 5, 
            conditions: {
                state.flags.massUsed:true
            },
            predicate: {
                "!incr":{state.observables.massManip:1}
            }
        },
        result:{
            uid: "Test0",
            context: "Mass Level 50",
            timers:{},
            flags:{
                massUsed: true,
                airUsed: true,
                gravityUsed:true
            },
            observables:{
                massManip:2,
                airManip:1,
                gravityManip:1
            } 
        }
    },
    {
        comment: "Air Slider increment",
        state: {
            uid: "Test0",
            context: "Level 50",
            timers:{},
            flags:{
                massUsed: true,
                airUsed: true,
                gravityUsed:true
            },
            observables:{
                massManip:1,
                airManip:1,
                gravityManip:1,
            }
        },
        event: {
            app:"https://epls.coe.fsu.edu/PPTest",
            uid: "Test0",
            verb: "play",
            object: "params",
            context: "Mass Level 50",
            timestamp:"2018-09-25 12:14:28 EDT",   
            data: {
            }
        },
        rule: {
            name: "Count Air Manipulations",
            doc: "Increment counter if slider changed flag is set.",
            verb: "play",
            object: "params",
            context: "Manip Lvls",
            ruleType: "Observable",
            priority: 5, 
            conditions: {
                state.flags.airUsed:true
            },
            predicate: {
                "!incr":{state.observables.airManip:1}
            }
        },
        result:{
            uid: "Test0",
            context: "Mass Level 50",
            timers:{},
            flags:{
                massUsed: true,
                airUsed: true,
                gravityUsed:true
            },
            observables:{
                massManip:1,
                airManip:2,
                gravityManip:1
            } 
        }
    },
    {
        comment: "Gravity Slider increment",
        state: {
            uid: "Test0",
            context: "Level 50",
            timers:{},
            flags:{
                massUsed: true,
                airUsed: true,
                gravityUsed:true
            },
            observables:{
                massManip:1,
                airManip:1,
                gravityManip:1,
            }
        },
        event: {
            app:"https://epls.coe.fsu.edu/PPTest",
            uid: "Test0",
            verb: "play",
            object: "params",
            context: "Mass Level 50",
            timestamp:"2018-09-25 12:14:28 EDT",   
            data: {
            }
        },
        rule: {
            name: "Count Gravity Manipulations",
            doc: "Increment counter if slider changed flag is set.",
            verb: "play",
            object: "params",
            context: "Manip Lvls",
            ruleType: "Observable",
            priority: 5, 
            conditions: {
                state.flags.gravityUsed:true
            },
            predicate: {
                "!incr":{state.observables.gravityManip:1}
            }
        },
        result:{
            uid: "Test0",
            context: "Mass Level 50",
            timers:{},
            flags:{
                massUsed: true,
                airUsed: true,
                gravityUsed:true
            },
            observables:{
                massManip:1,
                airManip:1,
                gravityManip:2
            } 
        }
    },
    {
        comment: "Reset Rule Test"
        state: {
            uid: "Test0",
            context: "Level 50",
            timers:{},
            flags:{
                massUsed: true,
                airUsed: true,
                gravityUsed:true
            },
            observables:{
                massManip:2
            }
        },
        event: {
            app:"https://epls.coe.fsu.edu/PPTest",
            uid: "Test0",
            verb: "play",
            object: "params",
            context: "Mass Level 50",
            timestamp:"2018-09-25 12:12:28 EDT",   
            data: {
            }
        },
        rule: {
            name: "Reset Mass Manipulation Flag",
            doc: "Set flag to falls",
            verb: "adjusted",
            object: "control",
            context: "Manip Lvls",
            ruleType: "Observable",
            priority: 10,       // Want to run late
            conditions: {
            },
            predicate: {
                "!set":{state.flags.massUsed:false,
                        state.flags.airUsed:false,
                        state.flags.gravityUsed:false}
            }
        },
        result:{
            uid: "Test0",
            context: "Mass Level 50",
            timers:{},
            flags:{
                massUsed: false,
                airUsed: false,
                gravityUsed:false
            },
            observables:{
                massManip:2
            } 
        }
    }
]
